{
    "qqq_train": {
        "mse": 8.848267137318197e-05,
        "rmse": 0.00940652280990069,
        "mae": 0.0069759275182914495,
        "r2": 0.8017235744408988
    },
    "qqq_test": {
        "mse": 9.34449065780369e-05,
        "rmse": 0.009666690570098791,
        "mae": 0.006942638117020247,
        "r2": 0.7726906845762327
    },
    "spy_train": {
        "mse": 3.743192898659217e-05,
        "rmse": 0.00611816385744875,
        "mae": 0.0045159955452573055,
        "r2": 0.7089138130729549
    },
    "spy_test": {
        "mse": 7.992548915930413e-05,
        "rmse": 0.00894010565705485,
        "mae": 0.005639379550063367,
        "r2": 0.7876024429301467
    }
}